style,file,width,height,actual_format,ocr_text
Before & After,before_and_after-Ad-10-Norse Organics-1.jpg,1152,2048,PNG,Amanda Carey / This cleared up my son s acne in literally / 3 days had him on a compound called / Cabtrio and doxycycline and it only / minimized the cystic acne So we tried / Norse and now he s off of all the other / scripts I m so amazed Buy it
Before & After,before_and_after-Ad-12-Mars Men-1.jpg,1080,1920,PNG,DOMINATING / STRUGGLING / WITH MARS MEN / MARS MEN / JOIN OVER 121 357 VITALIZED MEN
Before & After,before_and_after-Ad-19-Gleamin.png,1080,1920,PNG,If nothing's worked on your / dark spots yet / This one won Women's Health Best / Face Mask 2024 / 1 M customers $39 / AFTER / BEFORE / Clay Mask / WITH TURMERIC GLEAM C / FINGER CAVIAR LIME ALOE VI / HYDROCLAY KALE EXTRACT / Clay Mask / WITH TURMERIC GLEAM C / FINGER CAVIAR LIME ALOE VI / HYDROCLAY KALE EXTRACT / Based on a 42 person consumer perception study
Before & After,before_and_after-Ad-2-Gleamin.png,1080,1350,PNG,omg did something happen to your / skin / what's the timeline on that / Tap and hold to react / a Message
Before & After,before_and_after-Ad-20-Jones Road Beauty-1.jpg,1080,1920,JPEG,JONES ROAD / Get The Coverage Women / In Their 50 s Swear By / Just Enough Tinted Moisturizer
Before & After,before_and_after-Ad-25-Mars Men-1.jpg,1080,1920,PNG,MARS MEN / YOUR DAD BOD DIDN T SNEAK UP / ON YOU LOW T DID TIME TO HIT / BACK / MARS / DIETARY SUPPLEMENT / 4 50% OFF FREE Carey TODAY ONLY
Before & After,before_and_after-Ad-27-Mott & Bow.png,1080,1920,PNG,MOTT / nines / Built In Vaio Yoke / a The Secret / Butt lifting effect No gym required
Before & After,before_and_after-Ad-32-Jones Road Beauty-1.jpg,1080,1920,JPEG,Definition Without / The Drama / No Clumping No Flaking No Fallout / BEFORE / AFTER
Before & After,before_and_after-Ad-33-Mars Men-1.jpg,1080,1920,PNG,BOOST TESTOSTERONE / AND BURN MOOBS / BEFORE SUMMER IS OVER / 1 BOTTLE / MARS / MARS / MARS / MARS / MARS / MEN mars / BOOST TESTOSTERONE BURN FAT AND / BUILD MUSCLE OR YOUR MONEY BACK / RESULTS ARE NOT GUARAI
Before & After,before_and_after-Ad-34-Bioma.Health.jpg,1080,1920,JPEG,BIOMA / 1 month Bioma GLP 1 / visible change / BEFORE / Hard to lose weight / Noticeable weight loss / Constant cravings / 10 000 customers / Rated 4 8 5 by / Better appetite control / 4 a lore ener gy
Before & After,before_and_after-Ad-39-Bioma.Health.jpg,1080,1920,JPEG,BIOMA / Why Women Are / iecsinc Bioma GLP I / Supports appetite control healthy weight loss metabolism / BEFORE / AFTER / WEEK 1 / WEEKS 2 4 / WEEKS 8 12 / WEEKS 12 / Less / Better appetite / Noticeable / More / food noise / control / weight loss / confidence / Natural / Made / Ingredients / in USA
Before & After,before_and_after-Ad-4-Arrae-1.png,1080,1920,PNG,The best product ever I'm on month two / and I'm down 1 Slbs 5 months post C section
Before & After,before_and_after-Ad-43-Arrae-1.jpg,1152,2048,JPEG,took these photos / 30 mins apart
Before & After,before_and_after-Ad-46-Dore & Rose.jpg,1080,1080,PNG,Switched My Pillowcase And / My Acne Vanished in Under a Month / How aantibacterial silk pillowcase was Molly's secret to / waking up with glowing skin / BAZAAR
Before & After,before_and_after-Ad-50-Mars Men-1.jpg,1080,1920,JPEG,FROM LOW T / TO WAR GOD / Reclaim your strength / Naturally / MARS MEN
Before & After,before_and_after-Ad-51-Loop.png,1080,1920,PNG,
Before & After,before_and_after-Ad-52-Jones Road Beauty-1.jpg,1080,1920,JPEG,JONES ROAD / Minimalist in Finish / But Not in Results / Before / After
Before & After,before_and_after-Ad-6-Everyday Dose-1.jpg,1152,2048,JPEG,brennan 5 ream reese egee / EVERYDAY / SWITCH TO COFFEE 35% OFF
Before & After,before_and_after-Ad-7-David Protein-1.jpg,1088,1928,JPEG,The most protein per calorie / of any bar on the market / David / Kirkland / 28 g Protein / 150 Calories / X 190 Calories / 75% calories / xX 44% calories / from protein / from protein / Discover the difference
Before & After,before_and_after-Ad-9-Jones Road Beauty-1.png,1080,1920,PNG,Women over 40 should / these 3 foundation types / GET THIS GAME CHANGING / FOUNDATION MEETS SKINCARE BALM
Comment Response,comment_response-Ad-14-Mars Men.jpg,1080,1350,PNG,Drop your question / Ales / How do you balance family / time with building your / fitness business / Balance requires energy / and energy comes from / taking care of your / foundation Mars Men / helps maintain that / natural vitality need to be / present with my family / and still crush my / Saaee business goals When you / feel good physically you / can show up fully for / everything that matters / instead of just surviving / each day
Comment Response,comment_response-Ad-17-Mott & Bow-1.png,1080,1080,PNG,Ask me anything / It's 9 pm and you're still in your / WORK pants Are you ok / I Forgot I had th / Not even kidd / Send message
Comment Response,comment_response-Ad-21-Mars Men.jpg,1080,1350,PNG,GOODBYE TRT / HELLO MARS MEN / SURVEY SAYS NATURAL WORKS BETTER / TRT left me chasing results Mars Men gave / me strength energy and focus all within a / month No needles no BS / Like / Reply / This stuff just works I m hitting PRs again My / girlfriend noticed Even sleep feels optimized / Like / Reply / 121 357 VITALIZED MEN / AND MAY VARY BY INDIVIDUAL / RESULTS ARE NOT GUARANTEED / Boron
Comment Response,comment_response-Ad-23-tilliconias.jpg,1152,2048,JPEG,HOW did you get that cap
Comment Response,comment_response-Ad-26-Bloom Nutrition.jpg,1080,1920,JPEG,Ask me anything / What's your secret to staying / bloat free / Bloom
Comment Response,comment_response-Ad-27-Everyday Dose-1.jpg,1152,2048,JPEG,maya 4 h / Ask me a question / What's your opinion on / mushroom coffee helping / cortisol / Trends fade Results don't Calm / energy better digestion glowing / skin that s what I've been feeling / from drinking this one
Comment Response,comment_response-Ad-30-Bloom Nutrition.jpg,1080,1920,JPEG,Ask me anything / What's your secret to staying / bloat free / Bloom
Comment Response,comment_response-Ad-32-Jones Road Beauty-1.png,1080,1920,PNG,Bring back the minis / 12 likes Reply / minis ALL THE TIME / 10 likes Reply / MINI SIZES / PLEASE MAKE / 13 likes Reply / The Mini Balm that sold / out again and again / JONES ROAD
Comment Response,comment_response-Ad-33-Mott & Bow-1.png,1080,1080,PNG,Ask me anything / Bro what changed You / look different lately / Everyone keeps asking It's the pants / prow
Comment Response,comment_response-Ad-34-TM_Fitness.jpg,1152,2048,JPEG,girl WHAT have you been / doing / you look SO good / Replying to annaK 8 / started taking arrae's creatine / gummies and my abs have been gas / popping out like crazy
Comment Response,comment_response-Ad-35-Arrae-1.jpg,1080,1920,JPEG,girl you look SOOO good / what's your secret / Replying to annaK 8697 / honestly the only thing / i've added to my daily routine / is this metabolism supplement / i literally feel so confident J / This statement has not been evaluated by th / and Drug Administrat / duct is not i / prevent any disease This produ / 2 treatment for obes / metabolic disease
Comment Response,comment_response-Ad-38-TM_Fitness-1.jpg,1638,2048,JPEG,wait but I'm scared / of creatine belly / Replying to annaK 8 / girl was toop that's why I take / they gave me abs andjN BLOAT
Comment Response,comment_response-Ad-39-Seed-1.png,1080,1920,PNG,Tips on avoiding travel / tummy troubles / I used to dread all my vacay meals because it / meant waking up bloated and uncomfortable / That s why I take Seed s DS 01 EVERYWHERE / trust me you'll wish you started sooner / Seed / 80 CAPSULES 30 DAY SUPPH
Comment Response,comment_response-Ad-42-Bloom Nutrition.jpg,1080,1080,JPEG,hey girl VY what's that supplement / you take that helps with bloating / Bloom Greens literally obsessed / with it let me send you the link / Bloom / greens / DIGESTION / ods a / ergs / Greens Superfoods / Read 3 54 PM
Comment Response,comment_response-Ad-51-Christina Zilber.jpg,1152,2048,JPEG,thoughts on creatine / Replying to annaK 8 / A lot of women are afraid of / bulking and bloating but these / Tone gummies from arrae are / formulated to keep you lean / while building muscle
Comment Response,comment_response-Ad-53-Gleamin-1.png,1080,1920,PNG,Reply to comment / HELP These dark spots / WONT fade and I've tried / 121 likes / EVERYTHING / Reply / See translation
Comment Response,comment_response-Ad-55-Jones Road Beauty-1.png,1080,1920,PNG,swore I'd never wear foundation / again Then found this / ONES / YOUR SKI
Comment Response,comment_response-Ad-58-Arrae-1.jpg,1152,2048,JPEG,gut health hacks / Replying to annaK 8 / bloat after EVERY meal / no matter how healthy / I tried the viral bloat gummies and / they actually worked digest things / SO much faster and they get me / 4 snatched in under an hour
Founder-led,founder_led-Ad-18-Jones Road Beauty-1.png,1080,1920,PNG,JONES ROAD / You should / look like you / Just more even / more comfortable / YOUR SKIN FOUNDATION STICK
Founder-led,founder_led-Ad-6-The Foldie-1.png,1254,1254,PNG,A NOTE FROM OUR FOUNDER / DON T BUY A FOLDIE / RIGHT NOW / unless you want to avoid / paying more later / On 31 August we re permanently ending our Buy One Get One Free offer in the UK / Right now you can still get 2 Foldie Travel Bags for 59 95 / From September you won't be able to / Due to continued increases in production and logistics costs / we can no longer sustainably keep the current offer and pricing in place / didn t want to quietly change everything overnight and have / customers come back wondering what happened / So I m telling you now / If you ve been thinking about getting a Foldie for an upcoming trip / or buying a few early Christmas gifts this is probably the best / time to do it / We're already running low on several colours and some may sell / out before the deadline / After 31 August / BOGO is gone / Pricing will change / Free shipping will only apply above a minimum spend / We'll continue investing in better products materials fulfilment / and the overall experience we provide / But the current offer will not be continuing / 31 August is the final day to get 2 Foldie Travel Bags for 59 95 / while stock lasts / Thomas / Founder The Foldie
Green Screen,green_screen-Ad-22-BURGA-1.jpg,1080,1920,JPEG,BURGA / or Your Phone / RAGONS OPTIONAL By / BURGA
Green Screen,green_screen-Ad-7-BURGA.jpg,1080,1080,JPEG,Yes Were / A Little Pricey / BUT GOOD THINGS AREN T / CHEAP AND CHEAP THINGS / BURGA / BURGA
Listicle,listicle-Ad-13-Cymbiotika-1.jpg,2048,2048,JPEG,Show your body / some love / spat / Protect yourself against / Revitalize / your skin / Increase eu energy
Listicle,listicle-Ad-18-Bloom Nutrition.jpg,1152,2048,PNG,Glowing / Strong Bones / Skin / Healthy Hair / Nails / Creamy Flavors
Listicle,listicle-Ad-3-Bloom Nutrition-1.jpg,1080,1080,PNG,Bloom / PMS is so last season / VY Relieves PMS SYMPTOMS / VY Supports CORTISOL LEVELS / VY Promotes HORMONE BALANCE
Listicle,listicle-Ad-34-Cymbiotika-1.jpg,2048,2048,JPEG,Does your supplement / support full body wellness / Skin / health / health / Glutathione / Master Antioxidant / Liver / With PQQ and CoQl 0 / Boosts / energy / health / levels / Dietary Supplement / Liposomal / delivery / Start your subscription today
Listicle,listicle-Ad-36-Jones Road Beauty-1.jpg,1080,1920,JPEG,3 reasons Moms love / The Complexion Set / 01 BRIGHTENS TIRED SKIN / 02 COVERS DARK CIRCLES AND REDNESS / 03 SECONDS TO APPLY / ones / whet
Listicle,listicle-Ad-37-Cymbiotika-1.jpg,1152,2048,JPEG,
Listicle,listicle-Ad-48-Shapermint-1.jpg,1152,2048,JPEG,Trusted by 5 000 000 women / TRY FOR / FREE / DECIDE / AT HOME / V No upfront payment / V Free returns / V Cancel anytime / TRY BEFORE YOU BUY / Shapermint
Listicle,listicle-Ad-52-Arrae-1.jpg,1152,2048,JPEG,READY TO TURN / UP THE BURN / Meet MB 1 / Support normal blood glucose levels 5 / Support healthy cholesterol level / Support energy metabolism / Support your body s nutrient utilization / lusted by the / This prod / This product
Listicle,listicle-Ad-54-Bloom Nutrition-1.jpg,1152,2048,PNG,Bloom / Daily greens / peek
Listicle,listicle-Ad-61-Arrae-1.jpg,1155,2048,JPEG,THE VIRAL METABOLISM / SUPPLEMENT THAT'S / SOLD OVER IM BOTTLES / el your best / metabolism / Support / gut health / This statement hae / Prevent
Listicle,listicle-Ad-63-Shapermint-1.png,1080,1920,PNG,ooths tummy back / Built in bust support / V Invisible under fitted tops / Shop now / Shapermint
Listicle,listicle-Ad-64-Mejuri.jpg,1080,1920,JPEG,Medium 16 mm / tees / tees
Listicle,listicle-Ad-69-Arrae-1.jpg,1152,2048,JPEG,3 Months To / Your Dream Body / MONTH 1 / Increase in natural / energy and more / calories burned at rest / MONTH 2 / Digestion starts to / improve cravings are / curbed and metabolism / speeds up / MONTH 3 / Up to 12% reduction in / body weight and / optimized metabolism / pscaen ant has not been evaluated by the Food and Drug Admi / his product
Listicle,listicle-Ad-72-Bloom Nutrition.jpg,1080,1920,JPEG,Back in stock / Collagen / Youthful appearance / Strengthens bones ligaments joints etc / Boosts muscle mass / Promotes healthy hair skin nails / PEPTIDES
Listicle,listicle-Ad-74-Mott & Bow-1.png,1080,1080,PNG,my husband was the best dressed guy in St Barts / 1 Looser belly drape / Didn't punish him for living a little on holiday / 2 It's the softest thing in his closet / 3 It goes everywhere / Dinner the beach a boat / Same tee never out of place
Listicle,listicle-Ad-9-Arrae.png,1080,1350,PNG,Build Lean Muscle While Losing Weight / with The Lean Define Duo / Reduce body weight by up to 12% Vv / Burn more calories at rest V / Curb cravings and regulate appetite Vv / Regulate blood sugar and cholesterol Vv / 5 g of clinically dosed creatine monohydrate / Slimbiotics to optimize body composition / Mixed berry flavored gummies / Bloat free formula / This statement has not been evaluated by the Food and Drug Administration This product is not intended to diagnose treat cure or / prevent any disease This product is not a treatment for obesity type 2 diabetes or other metabolic diseases
Problem / Solution,problem_solution_-Ad-17-Gymshark-1.jpg,1080,1920,JPEG,want leggings that make my glutes / pop without looking fake / A We'll sort that for you We've lowered the / under glute contouring to lift the glutes more / naturally / SHARK
Problem / Solution,problem_solution_-Ad-24-Gymshark.jpg,1080,1920,JPEG,WE ANSWERED
Problem / Solution,problem_solution_-Ad-34-Mott & Bow-1.png,1080,1920,PNG,Decline / Accept
Problem / Solution,problem_solution_-Ad-68-Bioma.Health.jpg,1080,1920,JPEG,BIOMA / ALWAYS / FILING IRC / AGAIN / If cravings keep / winning every day / it could be your / natural GLP 1 levels / quer THE FOOD NOISE
Problem / Solution,problem_solution_-Ad-73-Mars Men-1.jpg,1080,1920,JPEG,PROBLEM / SOLUTION / 121 357 VITALIZED MEN / MARS / Dad Bod / Support / Constant Fatigue / Fenugreek / cram / 90 DAY MONEY / BACK GUARANTEE / Low Libido / MARS MEN
Problem / Solution,problem_solution_-Ad-9-Dore & Rose.jpg,1109,1109,PNG,Ditch your Satin Pillowcase / DORE ROSE / Satin Pillowcase / Strengthens Collagen / Prevents hair static / Retains moisture / Itching / Gets too hot / Made with chemicals
Problem / Solution,problem_solution_-Ad-92-Loop-1.png,1152,2048,PNG,Missing Noise / SUSPECT / Full Coverage Bundle / loop switch / REWARD 20% off
Problem / Solution,problem_solution_-Ad-93-RYZE Superfoods.jpg,1080,1920,JPEG,F CK YOU BAD BREATH / ONE PART OF F
Problem / Solution,problem_solution_-Ad-98-Bioma.Health.jpg,1080,1920,JPEG,BIOMA / STRUGGLE / BIOMA GLP / MUSCLE LOSS / STUBBORN / 49 STARS / 121 357 Happy Customer
Problem / Solution,problem_solution_-Ad-99-Motion.png,1080,1350,PNG,7 projects 6 deadlines / today gym pilates / My Al Assistant / planning all of it
Product Demo,product_demo-Ad-11-Loop.png,1440,1800,PNG,stay protected / Give
Product Demo,product_demo-Ad-3-Mejuri.jpg,1080,1080,JPEG,
Product Demo,product_demo-Ad-44-Mejuri.jpg,338,600,JPEG,
Rage Bait,rage_bait-Ad-18-BURGA-1.jpg,1080,1920,JPEG,Sensitive Content / Warning people who own this / have forgotten what it feels like / to watch their phone die in public
Rage Bait,rage_bait-Ad-5-Seed.jpg,1080,1920,JPEG,THIS IS YOUR / POOP
Skit,skit_ads-Ad-12-BURGA-1.jpg,1080,1920,JPEG,Sensitive Content / Sharp objects won't wait two / weeks Reserve your case for / iPhone 18 / Tap To Reveal
Skit,skit_ads-Ad-17-Mott & Bow-1.png,1080,1080,PNG,fo PANTS DAILY / LOCAL MAN'S BUTT / RETURNS AFTER A / Experts point to a ea / ease / THE EVIDENCE
Skit,skit_ads-Ad-20-Mott & Bow-1.png,1080,1920,PNG,Better / Denim / denim with curve / Supremely flattering / defining technology
Skit,skit_ads-Ad-32-Motion.png,1080,1350,PNG,He's explaining how he color codes his / tasks in his notebook / finished my tasks 4 hours ago
Skit,skit_ads-Ad-5-Mott & Bow-1.png,1080,1080,PNG,MISSING / ONE BUTT / Last seen in 2014 / Believed flattened by baggy khakis / REWARD Daily compliments / wasn't / your / your / butt / butt / your / your / your / your / your / butt / putt / butt / butt / butt / butt / It was / It was / It was / It was / It was / It was / Pants / pants / Pants / pants / pants / pants / pants / pants
Testimonial,testimonial_-Ad-12-Dore & Rose.jpg,1080,1080,JPEG,DORE ROSE / My partner and don't know how to sleep anymore / without our Dore Rose sleep masks My girlfriend has / never looked better upon waking up we both have / smoother rundereye skin and the quality of our sleep is / just amazing
Testimonial,testimonial_-Ad-13-Bloom Nutrition-1.jpg,1080,1920,JPEG,Inge
Testimonial,testimonial_-Ad-16-Mott & Bow-1.jpg,1080,1920,JPEG,$40 $34 EACH / WITH THE 7 PA / in my
Testimonial,testimonial_-Ad-17-Kind Patches-1.jpg,1080,1920,JPEG,Kind Patches / from real / routines / Kind Patches fit into my day / better than any supplement / I ve tried / Kind Patches / Kind Patches / ind Peon / I ve tried so many things These / patches are the first thing that / made my appetite and energy / feel predictable No jitters no / weird taste just a calmer / more balanced day / Swipe To See / Verified Kind Patches customer / More Stories / See Why Routines Are Rating / Kind Patches 4 8 5
Testimonial,testimonial_-Ad-18-The Foldie.png,1254,1254,PNG,Better than my / $400 luxury travel / bag Now I m gifting / it to everyone / the foldie / free
Testimonial,testimonial_-Ad-19-Gleamin-1.png,1080,1920,PNG,Hormonal acne left me with dark spots Now / LOOK / Clay Mask / WITH TURMERIC GLEAMC / FINGER CAVIAR LIME ALOE VERA / 4 5 stars / 11 533 Reviews
Testimonial,testimonial_-Ad-2-AG1 by Athletic Greens.png,4320,4320,PNG,meets / I'm 57 and feel / better than I did / when was 30 / AG 1 Member since 2021
Testimonial,testimonial_-Ad-20-Arrae.jpg,1638,2048,JPEG,THIS IS LIKE WEIGHT LOSS / FOR THE IMPATIENT GIRL / NEVER THOUGHT I WOULD / SEE RESULTS THIS FAST / DIETARY SUPPLE
Testimonial,testimonial_-Ad-23-Caraway.jpg,2048,2048,JPEG,This Cookware Set is a game / changer It makes everything / about cooking and cleaning / so much simpler
Testimonial,testimonial_-Ad-24-HeyShape.jpg,1152,2048,PNG,Sooo excited found out about heyshape / Others are so overpriced and uncomfu / literally wear these like 2 3 days a week I'm / actually obsessed / Comfort And / Confidence / without the price tag / VISA
Testimonial,testimonial_-Ad-26-Mars Men-1.jpg,1080,1920,JPEG,My wife says I m too / focused now didn t even / hear her complaining / 5 MARS / Support / Boron
Testimonial,testimonial_-Ad-27-Gleamin-1.png,1080,1920,PNG,Fade your dark spots fast / More chanse than / any other product / Top Skin Concern / Hyperpigmentation Dark Spots / have used a lot of different / products and treatments to / remove my dark spots and they / did help but only a little This / ave a lot more change than any / other products so far / Review for Vitamin C Clay Mask / CUSTOMERS
Testimonial,testimonial_-Ad-28-Gleamin.png,1080,1080,PNG,The best product for your / dark spots / side of each cheek has / My brown spots on the / will continue to use this / significantly brightened / product have tried / many products for brown / spots this is the best / 20 days ago / 11 533 Reviews / 4 5 Stars
Testimonial,testimonial_-Ad-29-Norse Organics.jpg,1179,1179,PNG,After using it for few days / I've been dealing with adult acne recently with / and just after using it for few days noticed / they're improving I m noticing less bumps and / less redness Honestly it works for me
Testimonial,testimonial_-Ad-3-Bloom Nutrition.jpg,1080,1920,PNG,was bloated after every meal / until started taking Greens Now / eat whatever want and never / have problems / Bloom / BEET ION / Superfoods / immunity / BLOATING
Testimonial,testimonial_-Ad-31-Arrae-1.jpg,1155,2048,JPEG,eptical about this / st but safe to say that / this stuff works I finally / broke through my plateau / nt has not beer
Testimonial,testimonial_-Ad-32-Dore & Rose.jpg,1080,1920,PNG,ROSE / ellen / wile / Quicker / Longer / Better / Falling asleep / REM sleep / Skin health
Testimonial,testimonial_-Ad-33-Norse Organics.jpg,2048,2048,PNG,After a couple days I'm seeing great results / Doesn t dry my skin out like other / products Works very well after a couple / days I m seeing great results
Testimonial,testimonial_-Ad-35-Mars Men-1.jpg,1080,1920,JPEG,PVE TRIED EVERYTHING / TO FEEL LIKE MYSELF / AGAIN MARS MEN / IS THE ONLY THING / THAT WORKED / VERIFIED CUSTOMER / MARS / GET 50% OFF
Testimonial,testimonial_-Ad-38-Cymbiotika.jpg,1080,1920,JPEG,100% pure Shilajit / T've added this to my / coffee for a few months / now and feel INCREDIBLE / noticeably improved / energy levels increased / productivity and no / more brain fog / 5 MONTH SUBSCRIBER / OVER 700 5 STAR REVIEWS / 84 KEY MINERALS / TO PROMOTE A / HEALTHY BODY
Testimonial,testimonial_-Ad-39-Dore & Rose.jpg,1080,1920,PNG,DORE ROSE / had to act fast because all the / pillowcases are almost sold out / a eee based on 1400 reviews b Trustpilot
Testimonial,testimonial_-Ad-40-Dore & Rose.jpg,1080,1920,PNG,98% said to have smoother skin after / waking up / ESESESESE 4 7 5 Excellent / 100 000 Happy Sleepers
Testimonial,testimonial_-Ad-43-Cymbiotika-1.jpg,1080,1920,JPEG,kk Rated 5 out of 5 / Excellent Product / The best product I've ever used for superior sleep / Valetam Verified Buyer / LIPOSOMAL / Magnesium / Complex / Cognitive Stress Support / Supports / Brain / Stress / Heart / Health / Management / Health
Testimonial,testimonial_-Ad-44-Jones Road Beauty-1.png,1080,1920,PNG,JONES ROAD / JONES ROAD / The amount of compliments / receive when have this on is / unbelievable / JONES ROAD
Testimonial,testimonial_-Ad-45-Cymbiotika-1.jpg,1152,2048,PNG,Adult acne gone / Skin glowing Compliments / rolling in all thanks to / Cymbiotika s Irish Sea Moss / Irish Sea M / Supports / Irish Sea seas / DIETARY SUPPLEMENT
Testimonial,testimonial_-Ad-46-Mott & Bow-1.png,1080,1080,PNG,MOTT BOW / I'd fly to Tokyo and / back in these / every guy who owns them / Breathable / Wrinkled / stretchy comfy in / Not age / X Sweaty by / tight places / appropriate / since boarding / hour two
Testimonial,testimonial_-Ad-47-BURGA-1.jpg,1080,1080,JPEG,BURGA / newest one is absolutely stunning / Alissa
Testimonial,testimonial_-Ad-49-Bloom Nutrition-1.jpg,1080,1920,JPEG,Soing 2 just / Sol easier / Wow This is what it is like / to poop everyday / DONNA
Testimonial,testimonial_-Ad-5-Bloom Nutrition-1.jpg,1080,1080,PNG,Orange cream is chef s kiss / look forward to drinking it / everyday / Bloom
Testimonial,testimonial_-Ad-50-Mott & Bow-1.png,1080,1920,PNG,MOTT BOW / They are THE VERY BEST used to wear / other brands but these are better and less / expensive You will LOVE them / WITH THE 3 PACK
Testimonial,testimonial_-Ad-51-Mott & Bow-1.png,1080,1080,PNG,THE REVIEWS WOULD / NOT SHUT UP / Yeah they didn't lie / Lightweight but / Still looks dressy / ect pants a / the flex waist / Pert / band an / hidden pock / Easy to wear / with anything
Testimonial,testimonial_-Ad-7-Dore & Rose.jpg,1080,1920,PNG,Since Switched From A Cotton Pillowcase To A Silk Skin / Recovering Pillowcase From Dore Rose My Skin Got So / Much Better / Cotton / Silk / bacteria growth after several days / 100 000 Happy Customers
Testimonial,testimonial_-Ad-8-Norse Organics.jpg,1080,1080,PNG,Male 19 with Acne / I ve 19 m been going to the / dermatologist experimenting / with different ways to get rid of / my acne for about 4 years now / Nothing they gave me helped / Then tried Norse Organics and / miraculously my skin was cured / still can't believe it
Testimonial,testimonial_-Ad-9-Bloom Nutrition-1.jpg,1080,1920,PNG,SO SO YUMMY / IT'S CRAZY / dull
Whiteboard Explainer,whiteboard-Ad-4-Norse Organics.jpg,1536,2048,JPEG,Acne free / i BALM / 4 Y Baum FOR / Pot i
Whiteboard Explainer,whiteboard-Ad-5-Mars Men-1.jpg,1080,1920,JPEG,10 YEARS OF LOW / ENERGY GONE IN / 1 Days / Japanese scientists discovered / TRAPPING your testosterone making / it impossible to build muscle or feel / 2 This vare natural compound reduces / this enzyme by 2% unleashing a flood / of previously unavailable testosterone / levels surged by muscle / visibly hardened strength returned and / that commanding presence thought / was gone forever came rushing back / 4 From low T dad to feeling like a / Greek God in just QO days ov you don't / pay a cent / This natural formula costs less than / $2 day and comes with a 90 day / guarantee If youre feeling tived / weak or soft don wait / Try this / This changed everything forme M mars men
