style,name,file_id,size_bytes,duplicate_of
App Walkthrough,app_walk_through_-Ad-4-Motion.mp4,1rE3EaPf-dqxbX1EJXC-OHKEudMUN9Y7f,683549,App Walkthrough/app_walk_through_-Ad-11-Motion.mp4
B-Roll + Voiceover,broll_voice_over-Ad-20-Oats Overnight.mp4,12Pp0F7UB-YdAKI_EwneDWFBn97cMVwqH,15080990,B-Roll + Voiceover/broll_voice_over-Ad-17-Oats Overnight.mp4
B-Roll + Voiceover,broll_voice_over-Ad-71-BURGA.mp4,1lz_QwW3q3XdVP7wIcRKf1xTvvB248yhO,4529681,B-Roll + Voiceover/broll_voice_over-Ad-136-BURGA.mp4
B-Roll + Voiceover,broll_voice_over-Ad-90-Bloom Nutrition.mp4,1fhy6hJpTRmiPnuNNWEBmg4LhZfXIX0u9,4534086,B-Roll + Voiceover/broll_voice_over-Ad-64-Bloom Nutrition.mp4
B-Roll + Voiceover,broll_voice_over-Ad-98-BURGA.mp4,1VUhLELjKON7Ts-WLUaSvuB6D7yQrewAq,6733487,B-Roll + Voiceover/broll_voice_over-Ad-44-BURGA.mp4
Before & After,before_and_after-Ad-23-Shapermint-1.mp4,11MqQmvn97w2V9kqjUV4vK_1nydwydM_f,8590224,B-Roll + Voiceover/broll_voice_over-Ad-59-Shapermint-1.mp4
Before & After,before_and_after-Ad-56-Shapermint-1.mp4,1PKpZYFGAc2S5u1flL1DOzcTr5Z2efCoC,8793197,Before & After/before_and_after-Ad-5-Shapermint-1.mp4
Comment Response,comment_response-Ad-45-RYZE Superfoods.mp4,1KSXrJNwVELHHNwfXNRlohZdJIInC0uOy,10854758,Comment Response/comment_response-Ad-25-RYZE Superfoods.mp4
Comment Response,comment_response-Ad-66-Loop.mp4,1g1rft9v5N-KxxhkoRofVUyalenStVadH,8718988,Comment Response/comment_response-Ad-3-Loop.mp4
Founder-led,founder_led-Ad-9-Jones Road Beauty.mp4,1oIidOqHRzFXo4UI-3-_kUbq2xYrCqGpm,3518321,Founder-led/founder_led-Ad-21-Jones Road Beauty-1.mp4
Green Screen,green_screen-Ad-32-Loop.mp4,17Y1BXrECQBN2JpKlmrZIOsGeZIwIzEWP,2871026,Green Screen/green_screen-Ad-26-Loop.mp4
Listicle,listicle-Ad-70-Dr. Squatch.mp4,1qkJ-zzqeit3jub_x9BwqddDWzDucqy-U,9406546,Listicle/listicle-Ad-50-Dr. Squatch.mp4
POV,pov-Ad-21-Gleamin-1.mp4,19OmbgSOu4NF19RkgEiIvvBwIJVlLiJaU,2893721,POV/pov-Ad-10-Gleamin-1.mp4
Problem / Solution,problem_solution_-Ad-11-Shapermint-1.mp4,1CcahImZN_c_UJ-1fLwv0HJdZUlkLm_9j,8521417,B-Roll + Voiceover/broll_voice_over-Ad-96-Shapermint-1.mp4
Problem / Solution,problem_solution_-Ad-26-Loop.mp4,1ZK9SpsDolj3wowon2WN1oMvHkZ0U5-Es,6778853,Problem / Solution/problem_solution_-Ad-20-Loop.mp4
Problem / Solution,problem_solution_-Ad-27-Savvy Finds-1.mp4,1WKeALE_wkkvYKD6ROpeAdw12RvF3LjhC,8606767,Myth Bust/myth_busting-Ad-4-Savvy Finds-1.mp4
Problem / Solution,problem_solution_-Ad-42-Loop.mp4,1FjpI_sMxO9aTmCjqoVIjQRH6KyLojhqH,1499830,Before & After/before_and_after-Ad-45-Loop.mp4
Problem / Solution,problem_solution_-Ad-45-DRMTLGY.mp4,1vUv8tydaeJr92GRepEFypGik-vDYcIlQ,23010384,Live Reaction/live_reaction-Ad-8-DRMTLGY.mp4
Voiceless,voiceless-Ad-48-Gymshark.mp4,1_RMk6s9SAuNZgUmFAID3eYVxED5_67On,1594052,Ultra Cinematic/ultra_cinematic-Ad-17-Gymshark.mp4
Voiceless,voiceless-Ad-51-Bloom Nutrition.mp4,1E9-swk9DSdh-0uL_ruZ2FiRJAASga8cz,1626893,Voiceless/voiceless-Ad-28-Bloom Nutrition.mp4
Voiceless,voiceless-Ad-53-BURGA.mp4,1SG4adGW4JXxQ7I_WXZILstWeclI7a0HQ,6983342,Product Demo/product_demo-Ad-29-BURGA.mp4
Yapping,yapping_-Ad-71-Nick Walker Fitness.mp4,16XeEgb2snqovAQtA_oreNDD4TznA-PKR,7026200,Listicle/listicle-Ad-65-Nick Walker Fitness.mp4
