style,files,videos,images,analysed,skipped_dupes,dur_med,dur_p25,dur_p75,dur_min,dur_max,words_med,wpm_speech_med,wpm_overall_med,cuts10_med,low_speech_pct,pct_916,onscreen_hook_pct,question_hook_pct,you_hook_pct,verbal_cta_pct,brand_mention_med_s,cta_start_med_pct,offers,categories,brands
AI - Cartoon Style,42,42,0,42,0,63.5,55.4,89.3,15.6,293.9,182.0,195.1,169.2,3.3,5,93,79,15,50,62,25.8,88.1,"{""urgency_time"": 38, ""guarantee"": 36, ""percent_off"": 26, ""price_anchor"": 24, ""free_gift"": 19, ""scarcity"": 12, ""free_shipping"": 7, ""bogo_bundle"": 2}","[[""Supplements & wellness"", 32], [""Pet"", 5], [""Apparel & shapewear"", 2], [""Software, apps & info"", 1]]","[[""Everyday Dose"", 6], [""PetLab Co."", 5], [""Obvi Health"", 4], [""IM8 Health"", 3], [""RYZE Superfoods"", 3], [""Grüns"", 3]]"
App Walkthrough,12,12,0,11,1,29.5,18.2,39.1,12.7,62.6,118.0,249.2,228.1,2.7,36,82,91,0,71,86,6.5,75.8,"{""urgency_time"": 27, ""bogo_bundle"": 18, ""guarantee"": 9, ""price_anchor"": 9, ""percent_off"": 9, ""free_gift"": 9}","[[""Software, apps & info"", 8], [""Apparel & shapewear"", 2], [""Supplements & wellness"", 1]]","[[""Calm"", 2], [""Motion"", 2], [""Canva"", 2], [""Savvy Finds"", 2], [""Rise Science"", 1], [""Remini - AI Photo Enhancer"", 1]]"
B-Roll + Voiceover,160,160,0,156,4,34.5,27.0,47.1,9.9,91.5,108.0,213.3,191.9,5.0,3,88,88,12,25,51,9.8,83.6,"{""urgency_time"": 21, ""scarcity"": 12, ""guarantee"": 11, ""price_anchor"": 9, ""bogo_bundle"": 8, ""percent_off"": 6, ""free_shipping"": 3, ""promo_code"": 1, ""free_gift"": 1}","[[""Beauty & skincare"", 37], [""Apparel & shapewear"", 32], [""Food & beverage"", 29], [""Travel & accessories"", 26]]","[[""Oats Overnight"", 29], [""DRMTLGY"", 17], [""Shapermint"", 16], [""The Foldie"", 10], [""Dore & Rose"", 9], [""Loop"", 8]]"
Before & After,59,39,20,37,2,38.5,18.8,45.5,6.6,173.1,114.5,216.3,178.2,3.7,30,81,84,0,27,58,11.6,73.7,"{""urgency_time"": 14, ""price_anchor"": 8, ""guarantee"": 5, ""bogo_bundle"": 5, ""scarcity"": 5, ""percent_off"": 3}","[[""Beauty & skincare"", 13], [""Apparel & shapewear"", 10], [""Supplements & wellness"", 7], [""Software, apps & info"", 4]]","[[""Jones Road Beauty"", 6], [""DRMTLGY"", 4], [""HeyShape"", 2], [""Shapermint"", 2], [""Gleamin"", 2], [""Mott & Bow"", 2]]"
Comment Response,66,48,18,46,2,36.9,26.7,50.8,9.6,134.4,148.0,214.0,195.8,2.3,24,91,96,20,23,46,10.5,87.8,"{""urgency_time"": 24, ""scarcity"": 13, ""price_anchor"": 13, ""percent_off"": 7, ""bogo_bundle"": 7, ""free_gift"": 4, ""free_shipping"": 2, ""guarantee"": 2}","[[""Food & beverage"", 10], [""Supplements & wellness"", 10], [""Beauty & skincare"", 8], [""Apparel & shapewear"", 8]]","[[""Oats Overnight"", 9], [""DRMTLGY"", 5], [""Arrae"", 4], [""HeyShape"", 3], [""Loop"", 2], [""Create Wellness"", 2]]"
Founder-led,22,20,2,19,1,47.2,34.0,56.4,20.4,113.1,149.0,229.4,196.1,6.0,0,89,84,0,21,26,5.3,75.2,"{""urgency_time"": 37, ""guarantee"": 5, ""free_shipping"": 5, ""price_anchor"": 5, ""bogo_bundle"": 5, ""scarcity"": 5}","[[""Beauty & skincare"", 6], [""Supplements & wellness"", 3], [""Apparel & shapewear"", 3], [""Travel & accessories"", 3]]","[[""Jones Road Beauty"", 6], [""Pinsy Shapewear"", 3], [""The Foldie"", 3], [""FLO"", 1], [""Oats Overnight"", 1], [""sammicohentalks"", 1]]"
Green Screen,34,32,2,31,1,38.6,31.6,51.2,11.9,90.9,129.5,218.2,198.7,2.9,3,90,90,7,33,50,12.7,92.1,"{""urgency_time"": 26, ""guarantee"": 23, ""price_anchor"": 13, ""percent_off"": 3, ""free_shipping"": 3, ""free_gift"": 3}","[[""Supplements & wellness"", 11], [""Beauty & skincare"", 6], [""Travel & accessories"", 5], [""Apparel & shapewear"", 4]]","[[""Gleamin"", 5], [""Mars Men"", 4], [""Oats Overnight"", 3], [""Savvy Finds"", 2], [""Caraway"", 2], [""Loop"", 2]]"
Listicle,75,59,16,58,1,49.6,31.4,72.3,7.3,103.5,139.0,190.7,173.8,3.5,14,78,90,4,34,68,7.7,92.2,"{""guarantee"": 28, ""urgency_time"": 21, ""price_anchor"": 16, ""scarcity"": 14, ""bogo_bundle"": 9, ""percent_off"": 7, ""free_gift"": 3, ""promo_code"": 2, ""free_shipping"": 2}","[[""Apparel & shapewear"", 19], [""Supplements & wellness"", 16], [""Beauty & skincare"", 9], [""Travel & accessories"", 9]]","[[""Shapermint"", 12], [""The Foldie"", 6], [""Mott & Bow"", 4], [""Bloom Nutrition"", 3], [""Gleamin"", 3], [""DRMTLGY"", 2]]"
Live Reaction,14,14,0,14,0,57.6,44.2,79.4,16.4,113.2,134.0,206.1,162.8,2.4,0,86,71,29,21,29,8.4,73.7,"{""urgency_time"": 57, ""percent_off"": 7, ""guarantee"": 7, ""bogo_bundle"": 7, ""price_anchor"": 7}","[[""Apparel & shapewear"", 4], [""Food & beverage"", 3], [""Beauty & skincare"", 3], [""Supplements & wellness"", 3]]","[[""HeyShape"", 4], [""Oats Overnight"", 3], [""DRMTLGY"", 3], [""Arrae"", 2], [""its.andrewpaul"", 1], [""The Foldie"", 1]]"
Motion Graphics,12,12,0,12,0,8.6,7.7,10.3,3.9,38.9,89.0,177.6,155.2,0.0,83,92,92,50,0,50,2.3,76.5,"{""price_anchor"": 8, ""percent_off"": 8, ""free_gift"": 8, ""urgency_time"": 8}","[[""Supplements & wellness"", 11], [""Travel & accessories"", 1]]","[[""Bloom Nutrition"", 9], [""Seed"", 2], [""BURGA"", 1]]"
Myth Bust,5,5,0,5,0,49.1,44.8,89.5,25.0,107.8,148.0,208.2,192.6,3.7,0,100,100,0,60,80,24.8,91.2,"{""guarantee"": 40, ""percent_off"": 20, ""urgency_time"": 20}","[[""Supplements & wellness"", 4], [""Apparel & shapewear"", 1]]","[[""RYZE Superfoods"", 2], [""David Protein"", 1], [""Seed"", 1], [""Savvy Finds"", 1]]"
POV,24,24,0,23,1,20.4,14.2,46.0,9.0,110.7,145.0,223.7,198.0,2.3,43,87,91,15,38,46,22.1,87.1,"{""urgency_time"": 30, ""price_anchor"": 13, ""bogo_bundle"": 9, ""free_gift"": 9, ""guarantee"": 4, ""free_shipping"": 4, ""scarcity"": 4}","[[""Beauty & skincare"", 6], [""Supplements & wellness"", 5], [""Software, apps & info"", 4], [""Travel & accessories"", 4]]","[[""Gleamin"", 4], [""Motion"", 2], [""Canva"", 2], [""Everyday Dose"", 2], [""Primal Queen"", 1], [""Arrae"", 1]]"
Problem / Solution,102,92,10,87,5,42.3,33.2,51.2,15.2,108.8,135.5,215.8,195.8,3.9,3,78,83,14,38,44,12.4,83.4,"{""urgency_time"": 20, ""price_anchor"": 11, ""bogo_bundle"": 8, ""guarantee"": 8, ""percent_off"": 5, ""free_shipping"": 2, ""scarcity"": 2, ""promo_code"": 1}","[[""Apparel & shapewear"", 30], [""Supplements & wellness"", 29], [""Travel & accessories"", 11], [""Software, apps & info"", 6]]","[[""Savvy Finds"", 16], [""Cymbiotika"", 8], [""The Foldie"", 7], [""Mott & Bow"", 6], [""Shapermint"", 5], [""Goli"", 4]]"
Product Demo,53,50,3,50,0,35.9,26.2,43.7,9.9,73.8,105.0,213.0,180.4,3.7,14,84,72,7,35,47,5.0,82.8,"{""urgency_time"": 20, ""bogo_bundle"": 12, ""price_anchor"": 10, ""percent_off"": 8, ""free_gift"": 6, ""guarantee"": 4, ""scarcity"": 2, ""promo_code"": 2, ""free_shipping"": 2}","[[""Apparel & shapewear"", 18], [""Supplements & wellness"", 13], [""Travel & accessories"", 10], [""Beauty & skincare"", 5]]","[[""Mott & Bow"", 10], [""BURGA"", 5], [""Savvy Finds"", 5], [""The Foldie"", 3], [""DRMTLGY"", 3], [""RYZE Superfoods"", 2]]"
Rage Bait,19,17,2,17,0,51.6,34.8,61.9,10.2,153.2,147.0,228.4,176.3,3.4,12,76,100,7,33,60,0.9,83.2,"{""scarcity"": 24, ""bogo_bundle"": 18, ""price_anchor"": 18, ""percent_off"": 12, ""free_shipping"": 12, ""urgency_time"": 12, ""guarantee"": 6, ""free_gift"": 6}","[[""Travel & accessories"", 7], [""Apparel & shapewear"", 4], [""Supplements & wellness"", 3], [""Food & beverage"", 2]]","[[""The Foldie"", 5], [""Savvy Finds"", 3], [""BURGA"", 2], [""Oats Overnight"", 2], [""RYZE Superfoods"", 2], [""Goli"", 1]]"
Skit,37,32,5,32,0,47.4,30.3,65.6,13.5,110.6,158.0,230.4,195.4,3.7,12,94,78,43,54,57,10.8,79.9,"{""urgency_time"": 44, ""guarantee"": 19, ""free_gift"": 16, ""price_anchor"": 16, ""bogo_bundle"": 9, ""scarcity"": 9, ""percent_off"": 9, ""free_shipping"": 6, ""promo_code"": 3}","[[""Supplements & wellness"", 14], [""Food & beverage"", 6], [""Software, apps & info"", 4], [""Apparel & shapewear"", 3]]","[[""Everyday Dose"", 6], [""Oats Overnight"", 6], [""Shapermint"", 3], [""Motion"", 3], [""Rise Science"", 2], [""Gymshark"", 2]]"
Storytelling,12,12,0,12,0,61.4,52.2,80.0,28.5,131.3,214.0,227.4,203.4,4.1,0,67,92,8,33,50,86.6,84.5,"{""urgency_time"": 42, ""percent_off"": 17, ""price_anchor"": 17, ""guarantee"": 17, ""scarcity"": 8, ""bogo_bundle"": 8}","[[""Travel & accessories"", 7], [""Supplements & wellness"", 2], [""Software, apps & info"", 1], [""Apparel & shapewear"", 1]]","[[""The Foldie"", 4], [""Janice Journal"", 1], [""Savvy Finds"", 1], [""Phillip Ricke"", 1], [""Ekster"", 1], [""RYZE Superfoods"", 1]]"
Street Interview,14,14,0,14,0,45.5,35.6,55.9,10.9,88.0,154.5,282.5,233.5,4.7,0,93,100,36,57,57,20.6,89.4,"{""bogo_bundle"": 36, ""percent_off"": 29, ""urgency_time"": 21, ""price_anchor"": 14, ""guarantee"": 7}","[[""Food & beverage"", 7], [""Supplements & wellness"", 5], [""Home & kitchen"", 2]]","[[""Oats Overnight"", 7], [""Everyday Dose"", 2], [""Caraway"", 2], [""Bloom Nutrition"", 1], [""Rise Science"", 1], [""Drink BRĒZ"", 1]]"
Testimonial,53,19,34,19,0,36.7,24.6,55.5,8.1,73.9,120.0,205.0,190.2,2.6,32,63,89,0,8,46,7.6,81.8,"{""price_anchor"": 11, ""urgency_time"": 11, ""bogo_bundle"": 5, ""promo_code"": 5}","[[""Supplements & wellness"", 8], [""Travel & accessories"", 3], [""Beauty & skincare"", 2], [""Software, apps & info"", 2]]","[[""Loop"", 2], [""Dore & Rose"", 2], [""Alex Hormozi"", 2], [""Bloom Nutrition"", 2], [""Oats Overnight"", 1], [""The Foldie"", 1]]"
Ultra Cinematic,39,39,0,39,0,29.1,14.9,47.7,6.1,75.2,106.0,180.3,160.2,5.7,36,87,72,12,28,20,2.9,79.2,"{""urgency_time"": 10, ""price_anchor"": 8, ""bogo_bundle"": 3, ""guarantee"": 3, ""free_shipping"": 3, ""free_gift"": 3}","[[""Supplements & wellness"", 20], [""Home & kitchen"", 4], [""Beauty & skincare"", 4], [""Travel & accessories"", 3]]","[[""HexClad"", 4], [""DrinkLMNT"", 4], [""Brick - Take Back Your Time"", 3], [""Cymbiotika"", 3], [""Loop"", 2], [""Gymshark"", 2]]"
Unboxing,20,20,0,20,0,34.2,23.3,38.5,11.4,120.7,106.0,204.8,173.8,3.3,40,90,95,17,33,50,0.7,77.2,"{""bogo_bundle"": 35, ""urgency_time"": 30, ""price_anchor"": 20, ""percent_off"": 10, ""guarantee"": 5, ""free_gift"": 5}","[[""Home & kitchen"", 8], [""Other/unclassified"", 6], [""Supplements & wellness"", 4], [""Apparel & shapewear"", 2]]","[[""Caraway"", 7], [""RYZE Superfoods"", 4], [""kathrynchristi"", 1], [""Pretty Twinkle Design"", 1], [""Buffy"", 1], [""HexClad"", 1]]"
Voiceless,69,69,0,66,3,15.6,11.1,25.6,7.1,60.2,29.0,89.7,63.0,3.5,97,83,83,0,0,0,,,"{""price_anchor"": 5, ""percent_off"": 3, ""bogo_bundle"": 2, ""free_gift"": 2, ""guarantee"": 2, ""urgency_time"": 2, ""scarcity"": 2}","[[""Supplements & wellness"", 28], [""Apparel & shapewear"", 11], [""Beauty & skincare"", 7], [""Travel & accessories"", 7]]","[[""Bloom Nutrition"", 15], [""Gymshark"", 6], [""Oats Overnight"", 4], [""Savvy Finds"", 4], [""Gleamin"", 4], [""Loop"", 4]]"
Whiteboard Explainer,7,5,2,5,0,42.9,42.6,52.3,26.2,54.2,105.0,240.9,188.0,3.6,0,100,100,0,0,40,36.8,77.8,"{""urgency_time"": 40, ""price_anchor"": 20, ""percent_off"": 20, ""guarantee"": 20}","[[""Supplements & wellness"", 3], [""Food & beverage"", 2]]","[[""Oats Overnight"", 2], [""Seed"", 1], [""hims"", 1], [""Grüns"", 1]]"
Yapping,75,75,0,74,1,42.8,36.0,55.1,15.5,116.5,145.0,216.4,198.9,0.5,0,99,72,4,34,24,6.6,79.7,"{""urgency_time"": 15, ""percent_off"": 7, ""price_anchor"": 7, ""bogo_bundle"": 4, ""scarcity"": 3, ""promo_code"": 3, ""free_shipping"": 1}","[[""Supplements & wellness"", 29], [""Other/unclassified"", 23], [""Beauty & skincare"", 13], [""Apparel & shapewear"", 6]]","[[""Arrae"", 10], [""Cymbiotika"", 5], [""SheCurve"", 4], [""Bloom Nutrition"", 4], [""Jones Road Beauty"", 4], [""DRMTLGY"", 4]]"
